x_center,mean,sem,n_proteins
25.0,1.0195295225727885,0.0008437817541151995,764
75.0,1.0237889638365416,0.0019274755640875242,750
125.0,1.007128498293304,0.0034000819409420826,663
175.0,0.9474005670771272,0.0056612971154962706,239
225.0,0.8985186902355243,0.0027998447566624416,36
