x_center,mean,sem,n_proteins
1.0,1.0608951310568135,0.0019188328512841752,765
3.0,0.9094770917089644,0.0019495895834537695,524
5.0,0.9932589377333763,0.002374344565145065,519
7.0,0.9832061945947801,0.0024323634466365753,530
9.0,0.9887183710586339,0.0020483274635872215,589
11.0,0.9893058591568225,0.002058120767421683,595
