percentile_center,mean,sem,n_proteins,percentile
0.001668866299519605,1.0128868513680866,0.0015358618523006065,728,0.1384737924246913
0.034004409550170436,1.0149484082380853,0.0017623469364701247,733,2.8215079607814775
0.14569540345065446,1.0135309172013993,0.0019091338591943933,740,12.089042160216845
0.32528477359864655,1.0224943679555958,0.0019690118504373296,743,26.990428311230055
0.8145177471390832,1.0230964387701103,0.0020081411207976884,750,67.58442031937
